{"cameraMode":{"drawMode":0,"name":"Shaded","section":"Shading Mode"},"sceneLighting":true,"audioPlay":false,"sceneViewState":{"m_AlwaysRefresh":false,"showFog":true,"showSkybox":true,"showFlares":true,"showImageEffects":true,"showParticleSystems":true,"showVisualEffectGraphs":true,"m_FxEnabled":true},"in2DMode":false,"pivot":{"x":27.736568450927736,"y":24.991270065307618,"z":-11.840396881103516},"rotation":{"x":0.07288746535778046,"y":-0.8682315349578857,"z":0.13286790251731873,"w":0.4727652370929718},"size":0.840429961681366,"orthographic":false}